,cities,city_number,city name,weather_check,country,date,humidity,lat,lon,wind_speed,clouds
0,kholodnyy,2124611,Kholodnyy,-24.79,RU,1587230590,76,62.72,147.95,2.13,98
1,ushuaia,3833367,Ushuaia,12,AR,1587230351,32,-54.8,-68.3,5.7,40
2,puerto ayora,3652764,Puerto Ayora,29,EC,1587230538,74,-0.74,-90.35,6.2,40
4,conceicao do araguaia,3401845,Conceição do Araguaia,28.13,BR,1587230591,81,-8.26,-49.26,1.54,76
5,aswan,359792,Aswān,28,EG,1587230591,21,24.09,32.91,2.1,69
6,hobart,2163355,Hobart,7.22,AU,1587230393,87,-42.88,147.33,2.5,75
7,kruisfontein,986717,Kruisfontein,19.21,ZA,1587230591,52,-34,24.73,3.92,0
8,nikolskoye,546105,Nikolskoye,3,RU,1587230425,86,59.7,30.79,7,90
9,ahipara,2194098,Ahipara,17.66,NZ,1587230591,84,-35.17,173.17,4.9,65
10,edeia,3464363,Edéia,26.79,BR,1587230591,62,-17.34,-49.93,1.14,96
11,gornopravdinsk,1506268,Gornopravdinsk,7.77,RU,1587230592,76,60.05,69.9,5.02,99
12,saskylakh,2017155,Saskylakh,-13.06,RU,1587230592,81,71.92,114.08,2.26,0
14,punta arenas,3874787,Punta Arenas,11,CL,1587230592,50,-53.15,-70.92,5.7,57
15,hithadhoo,1282256,Hithadhoo,28.98,MV,1587230466,74,-0.6,73.08,5.73,99
16,sao filipe,3374210,São Filipe,21.94,CV,1587230592,73,14.9,-24.5,10.45,14
17,cascais,2269594,Cascais,20.56,PT,1587230493,55,38.7,-9.42,4.6,20
18,jamestown,5122534,Jamestown,3.89,US,1587230392,64,42.1,-79.24,2.1,75
19,rikitea,4030556,Rikitea,24.88,PF,1587230592,70,-23.12,-134.97,2.09,1
20,lebu,3883457,Lebu,17.94,CL,1587230489,68,-37.62,-73.65,2.93,91
21,yazoo city,4451810,Yazoo City,17,US,1587230593,82,32.86,-90.41,2.95,90
22,torbay,6167817,Torbay,4.44,CA,1587230565,48,47.67,-52.73,9.8,75
24,gari,1506676,Gari,2.59,RU,1587230593,83,59.43,62.35,5.27,92
25,bluff,2206939,Bluff,6.11,NZ,1587230593,93,-46.6,168.33,1.34,100
26,hermanus,3366880,Hermanus,21.67,ZA,1587230593,69,-34.42,19.23,0.92,6
27,codrington,2171099,Codrington,10.92,AU,1587230537,84,-38.27,141.97,3.54,47
28,faya,110690,Faya,19,SA,1587230593,82,18.39,42.45,4.1,20
29,jiuquan,1279945,Jiuquan,11.85,CN,1587230593,23,39.74,98.52,2.12,38
30,bilibino,2126682,Bilibino,-22.34,RU,1587230549,81,68.05,166.44,2.25,13
31,touros,3386213,Touros,31,BR,1587230561,62,-5.2,-35.46,2.1,40
32,miraflores,3761194,Miraflores,24,MX,1587230594,38,19.22,-98.81,2.1,5
33,cubara,3685571,Cubará,27.84,CO,1587230594,48,7,-72.11,0.37,100
34,bengkulu,1649150,Bengkulu,25.55,ID,1587230459,83,-3.8,102.27,1.52,100
35,bredasdorp,1015776,Bredasdorp,17.78,ZA,1587230594,82,-34.53,20.04,1.5,0
36,talnakh,1490256,Talnakh,3,RU,1587230594,74,69.49,88.4,16,100
37,pevek,2122090,Pevek,-20.51,RU,1587230544,89,69.7,170.31,3.17,0
38,leningradskiy,2123814,Leningradskiy,-19.8,RU,1587230594,89,69.38,178.42,3.39,51
39,tiksi,2015306,Tiksi,-14.98,RU,1587230594,87,71.69,128.87,2.1,92
40,narsaq,3421719,Narsaq,0,GL,1587230594,86,60.92,-46.05,1.5,20
41,khatanga,2022572,Khatanga,-11.95,RU,1587230595,93,71.97,102.5,2.15,0
42,barrow,5880054,Barrow,-21,US,1587230443,83,71.29,-156.79,4.1,1
43,tura,1254046,Tura,20.22,IN,1587230581,74,25.52,90.22,4.15,89
45,mogadishu,53654,Mogadishu,29.19,SO,1587230462,75,2.04,45.34,5.97,88
46,busselton,2075265,Busselton,16.11,AU,1587230595,68,-33.65,115.33,10.22,100
47,nizhniy kuranakh,2019135,Nizhniy Kuranakh,-14.13,RU,1587230595,88,58.84,125.49,1.23,88
48,astara,148442,Astara,13,AZ,1587230595,100,38.5,48.67,3.6,11
49,port alfred,964432,Port Alfred,20,ZA,1587230595,94,-33.59,26.89,0.45,0
50,muravlenko,1540711,Muravlenko,3.39,RU,1587230595,88,63.79,74.52,5.97,93
51,santa cruz de la palma,2511180,Santa Cruz de La Palma,21,ES,1587230596,56,28.68,-17.76,11.3,20
53,huilong,1806840,Huilong,13.89,CN,1587230596,89,31.81,121.66,7.69,100
54,norman wells,6089245,Norman Wells,0,CA,1587230596,87,65.28,-126.83,1.5,90
55,hualmay,3939761,Hualmay,25.36,PE,1587230596,61,-11.1,-77.61,4.13,52
58,albany,5106841,Albany,5.56,US,1587230388,75,42.6,-73.97,1.34,98
59,quatre cocos,1106643,Quatre Cocos,26.11,MU,1587230597,78,-20.21,57.76,7.2,75
60,port hardy,6111862,Port Hardy,8,CA,1587230597,87,50.7,-127.42,4.1,90
61,pisco,3932145,Pisco,24,PE,1587230534,64,-13.7,-76.22,3.6,3
62,bria,239899,Bria,27.32,CF,1587230597,47,6.54,21.99,2.25,81
63,tasiilaq,3424607,Tasiilaq,1,GL,1587230538,80,65.61,-37.64,6.7,75
64,dalby,2169535,Dalby,11,AU,1587230597,100,-27.18,151.27,3.1,75
65,thompson,6165406,Thompson,-12,CA,1587230502,55,55.74,-97.86,4.1,40
66,mulatupo,3704029,Mulatupo,29.47,PA,1587230597,66,8.95,-77.77,4.69,28
67,balabac,1728675,Balabac,28.06,PH,1587230597,82,7.99,117.06,2.85,59
69,yellowknife,6185377,Yellowknife,-5.56,CA,1587230396,79,62.46,-114.35,3.1,90
70,batemans bay,2176639,Batemans Bay,14.44,AU,1587230598,97,-35.72,150.18,0.17,99
71,lincoln,5072006,Lincoln,17,US,1587230598,39,40.8,-96.67,9.8,1
73,barhi,1276956,Barhi,30.43,IN,1587230598,24,23.9,80.8,3.98,50
75,kaitangata,2208248,Kaitangata,9.44,NZ,1587230445,88,-46.28,169.85,3.52,100
76,lorengau,2092164,Lorengau,28.06,PG,1587230462,72,-2.02,147.27,0.65,64
77,muros,3115824,Muros,18.33,ES,1587230598,76,42.78,-9.06,4.02,64
78,riyadh,108410,Riyadh,29,SA,1587230498,28,24.69,46.72,1,40
80,saldanha,3361934,Saldanha,26,ZA,1587230500,22,-33.01,17.94,4.1,21
81,ancud,3899695,Ancud,15,CL,1587230599,87,-41.87,-73.82,4.1,20
82,klaksvik,2618795,Klaksvík,7,FO,1587230515,81,62.23,-6.59,7.2,0
83,trelew,3833883,Trelew,20.85,AR,1587230599,59,-43.25,-65.31,6.68,100
84,topolobampo,3981345,Topolobampo,25.56,MX,1587230599,53,25.6,-109.05,4.1,5
85,wilmington island,4231354,Wilmington Island,29.44,US,1587230403,48,32,-80.97,8.7,20
86,lata,2738381,Lata,18.89,PT,1587230599,65,40.16,-8.33,2.24,68
87,new norfolk,2155415,New Norfolk,6.11,AU,1587230546,85,-42.78,147.06,1.62,70
88,kozova,704525,Kozova,12.78,UA,1587230511,26,49.44,25.15,1.79,76
89,san patricio,3985168,San Patricio,28,MX,1587230394,78,19.22,-104.7,3.6,20
90,vaini,4032243,Vaini,25,TO,1587230540,83,-21.2,-175.2,4.1,75
91,sao joao da barra,3448903,São João da Barra,26,BR,1587230594,61,-21.64,-41.05,4.1,75
92,dingle,1714733,Dingle,26.79,PH,1587230600,79,11,122.67,3.81,0
93,hollins,4764534,Hollins,12.22,US,1587230392,53,37.34,-79.94,8.7,40
94,port augusta,2063056,Port Augusta,11,AU,1587230600,93,-32.5,137.77,2.6,40
95,cape town,3369157,Cape Town,22.22,ZA,1587230471,45,-33.93,18.42,2.1,5
96,paita,3694112,Paita,32,PE,1587230600,49,-5.09,-81.11,3.1,54
97,santa maria del oro,3984078,Santa María del Oro,26.93,MX,1587230600,12,25.93,-105.37,8.92,90
98,airai,1651810,Airai,15.63,TL,1587230472,56,-8.93,125.41,1.11,63
99,acapulco,3533462,Acapulco de Juárez,30,MX,1587230548,48,16.86,-99.89,2.6,5
100,coahuayana,4013679,Coahuayana Viejo,29,MX,1587230484,39,18.73,-103.68,2.64,5
101,souillac,933995,Souillac,26.11,MU,1587230601,78,-20.52,57.52,7.2,75
102,elkhart,4919988,Elkhart,11.11,US,1587230601,70,41.58,-85.83,6.7,1
103,alofi,4036284,Alofi,24,NU,1587230601,94,-19.06,-169.92,2.6,37
105,saint-pierre,935214,Saint-Pierre,25,RE,1587230601,78,-21.34,55.48,10.3,5
106,nanortalik,3421765,Nanortalik,-1.01,GL,1587230601,88,60.14,-45.24,1.65,27
107,broken hill,2173911,Broken Hill,12,AU,1587230601,54,-31.95,141.43,0.66,40
108,calahorra,3127065,Calahorra,21,ES,1587230601,82,42.31,-1.97,1.5,75
109,lokosovo,1500399,Lokosovo,10.51,RU,1587230601,76,61.13,74.82,5.55,100
110,tuktoyaktuk,6170031,Tuktoyaktuk,-15,CA,1587230601,84,69.45,-133.04,3.1,75
111,cairns,2172797,Cairns,25,AU,1587230416,94,-16.92,145.77,1.02,90
112,kumluca,305681,Kumluca,17.81,TR,1587230602,56,36.37,30.29,2.24,48
113,stroud,2636616,Stroud,10.56,GB,1587230602,87,51.75,-2.2,0.45,98
114,ajdabiya,89113,Ajdabiya,19.09,LY,1587230602,50,30.76,20.23,7.42,0
115,kodiak,5866583,Saint Paul Harbor,7,US,1587230602,87,57.79,-152.41,1.5,40
116,tongling,1792621,Tongling,12.9,CN,1587230602,92,30.95,117.78,1.85,100
117,burns lake,5911745,Burns Lake,10.18,CA,1587230602,45,54.23,-125.75,0.6,28
119,georgetown,1735106,George Town,28,MY,1587230569,88,5.41,100.34,1,40
120,shetpe,608324,Shetpe,15.52,KZ,1587230602,46,44.17,52.12,1.72,94
121,da nang,1583992,Turan,26,VN,1587230602,94,16.07,108.22,0.5,20
122,shimoda,1852357,Shimoda,13.33,JP,1587230603,81,34.67,138.95,0.45,8
124,dunedin,2191562,Dunedin,9.44,NZ,1587230579,70,-45.87,170.5,0.45,95
125,hovd,1516048,Khovd,2.39,MN,1587230603,38,48.01,91.64,0.94,53
126,khasan,2039557,Khasan,6.68,RU,1587230603,67,42.43,130.64,1.53,0
127,arraial do cabo,3471451,Arraial do Cabo,26,BR,1587230367,69,-22.97,-42.03,4.6,40
128,pampa,5527953,Pampa,16,US,1587230529,47,35.54,-100.96,8.2,1
129,carnarvon,2074865,Carnarvon,24,AU,1587230419,94,-24.87,113.63,6.2,75
130,pskov,504341,Pskov,7,RU,1587230566,48,57.81,28.35,3,100
131,avarua,4035715,Avarua,25,CK,1587230413,78,-21.21,-159.78,1,13
133,moerai,4034188,Moerai,26.79,PF,1587230604,77,-22.43,-151.33,4.04,100
134,poum,2138555,Poum,25.65,NC,1587230467,77,-20.23,164.02,6.6,81
135,ustyuzhna,477795,Ustyuzhna,1.4,RU,1587230331,83,58.84,36.43,1.74,99
136,butaritari,2110227,Butaritari,27.8,KI,1587230604,78,3.07,172.79,6.45,98
137,ilulissat,3423146,Ilulissat,-4,GL,1587230558,79,69.22,-51.1,2.1,75
138,bagdarin,2027244,Bagdarin,-7.69,RU,1587230566,86,54.43,113.6,1.76,97
139,kapaa,5848280,Kapaa,24,US,1587230604,69,22.08,-159.32,4.1,1
140,qaanaaq,3831208,Qaanaaq,-6.99,GL,1587230428,82,77.48,-69.36,4.93,26
142,adrar,2381972,Adrar,28.22,MR,1587230521,25,20.5,-10.07,3.92,96
143,lazaro cardenas,4026082,Lázaro Cárdenas,30.55,MX,1587230605,44,17.96,-102.2,3.55,12
145,chuy,3443061,Chui,21.19,UY,1587230605,70,-33.7,-53.46,3.03,32
146,las guacamayas,4026075,Guacamayas,31.17,MX,1587230605,41,18.02,-102.22,3.6,13
147,aykhal,2027296,Aykhal,-12,RU,1587230604,43,66,111.5,2,13
148,ranong,1150965,Ranong,26.93,TH,1587230605,80,9.97,98.63,2.18,96
149,abha,110690,Abhā,19,SA,1587230605,82,18.22,42.51,4.1,20
150,cabo san lucas,3985710,Cabo San Lucas,26.11,MX,1587230371,64,22.89,-109.91,9.8,5
151,dubbo,2168305,Dubbo,7,AU,1587230605,93,-32.25,148.62,1.75,14
152,erzin,296852,Erzin,22,TR,1587230605,49,36.96,36.2,4.6,76
153,vao,2137773,Vao,23.94,NC,1587230554,69,-22.67,167.48,4.93,26
154,komsomolskiy,1513491,Yangi Marg`ilon,16,UZ,1587230606,41,40.43,71.72,4.1,6
155,gibraleon,2517236,Gibraleón,19.44,ES,1587230606,59,37.38,-6.97,5.81,77
156,esperance,2071860,Esperance,16,AU,1587230606,93,-33.87,121.9,5.7,90
157,parabel,1495586,Parabel',5.01,RU,1587230606,70,58.7,81.48,4.65,88
158,huarmey,3939168,Huarmey,27.13,PE,1587230606,57,-10.07,-78.15,4.26,22
159,mercedes,3430708,Mercedes,26.67,AR,1587230579,56,-34.65,-59.43,2.24,0
160,fortuna,5563839,Fortuna,12.22,US,1587230606,93,40.6,-124.16,2.53,75
161,waipawa,2206874,Waipawa,16,NZ,1587230606,77,-41.41,175.52,9.3,9
162,mnogovershinnyy,2019935,Mnogovershinnyy,-9.75,RU,1587230606,86,53.94,139.92,0.78,37
163,port elizabeth,964420,Port Elizabeth,21,ZA,1587230543,88,-33.92,25.57,4.1,3
164,baykit,1510689,Baykit,-6.47,RU,1587230607,92,61.67,96.37,0.95,46
165,kashi,1280849,Kashgar,14,CN,1587230607,58,39.45,75.98,3,100
166,labuhan,8079926,Labuhan,26.59,ID,1587230607,82,-6.88,112.21,0.49,70
167,chumikan,2025256,Chumikan,-5.74,RU,1587230607,88,54.72,135.31,3.35,96
168,itambacuri,3460817,Itambacuri,23.5,BR,1587230607,73,-18.03,-41.69,2.73,99
169,necochea,3430443,Necochea,27.78,AR,1587230607,43,-38.55,-58.74,7.15,0
170,ponta delgada,3372783,Ponta Delgada,17,PT,1587230607,82,37.73,-25.67,6.2,75
172,tatarsk,1490003,Tatarsk,10.54,RU,1587230607,61,55.22,75.98,6.56,99
173,hami,1529484,Kumul,18.41,CN,1587230607,20,42.8,93.45,7.62,95
174,mataura,6201424,Mataura,6.11,NZ,1587230608,93,-46.19,168.86,1.34,100
175,belmonte,3470137,Belmonte,24,BR,1587230608,88,-15.86,-38.88,5.1,90
176,naze,1855540,Naze,18,JP,1587230608,82,28.37,129.48,2.1,62
177,mar del plata,3430863,Mar del Plata,23,AR,1587230404,53,-38,-57.56,9.3,0
179,dikson,1507390,Dikson,2.17,RU,1587230608,91,73.51,80.55,8.07,100
180,geraldton,2070998,Geraldton,21,AU,1587230608,83,-28.77,114.6,4.6,90
181,kousseri,2229798,Kousséri,40,CM,1587230608,4,12.08,15.03,5.1,64
182,kargasok,1504382,Kargasok,6.02,RU,1587230608,67,59.06,80.86,5.63,96
183,livingstonia,927856,Livingstonia,17.57,MW,1587230608,59,-10.61,34.11,2.79,98
185,port shepstone,964406,Port Shepstone,21.41,ZA,1587230609,83,-30.74,30.45,5.6,24
186,monkey bay,926308,Monkey Bay,25.19,MW,1587230609,64,-14.07,34.92,8.66,25
187,banning,5326032,Banning,12.78,US,1587230609,93,33.93,-116.88,1.34,53
188,cherskiy,2126199,Cherskiy,-20.53,RU,1587230609,87,68.75,161.3,2.7,39
189,saravan,174726,Saravan,15,AM,1587230609,58,39.72,45.65,3.1,40
190,saint-philippe,935215,Saint-Philippe,25,RE,1587230609,78,-21.36,55.77,10.3,7
191,zhangye,1785036,Zhangye,9.79,CN,1587230399,26,38.93,100.45,1.77,9
192,draguignan,3020850,Draguignan,19,FR,1587230458,63,43.53,6.47,4.6,96
193,kryve ozero,704010,Kryve Ozero,9.88,UA,1587230609,45,47.95,30.35,2.93,42
194,cayenne,3382160,Cayenne,30,GF,1587230589,70,4.93,-52.33,1.5,75
195,birjand,140463,Birjand,13,IR,1587230610,66,32.87,59.22,5.1,20
198,mahebourg,934322,Mahébourg,26.11,MU,1587230610,78,-20.41,57.7,7.2,75
199,mehriz,124274,Mahrīz,20,IR,1587230610,34,31.59,54.43,3.1,75
200,salihorsk,622428,Salihorsk,4.32,BY,1587230610,67,52.79,27.54,3.16,99
201,namibe,3347019,Mossamedes,23.52,AO,1587230610,70,-15.2,12.15,2.52,69
202,akyab,1295765,Sittwe,25.44,MM,1587230610,85,20.15,92.9,2.69,1
203,andenes,3163146,Andenes,5,NO,1587230610,93,69.31,16.12,4.6,77
204,kaduqli,373141,Kaduqli,29.8,SD,1587230610,11,11.02,29.72,0.44,38
205,san quintin,3984997,San Quintín,17.08,MX,1587230611,57,30.48,-115.95,7.51,23
206,vaitape,4033077,Vaitape,28.66,PF,1587230611,70,-16.52,-151.75,3.81,58
208,east london,1006984,East London,22.19,ZA,1587230611,64,-33.02,27.91,8.02,0
209,westport,4845585,Westport,5.56,US,1587230611,80,41.14,-73.36,5.1,90
211,katsuura,2112309,Katsuura,14.44,JP,1587230611,68,35.13,140.3,2.24,4
212,ponta do sol,2264557,Ponta do Sol,19.44,PT,1587230611,45,32.67,-17.1,1.79,6
213,castro,3466704,Castro,21.8,BR,1587230611,38,-24.79,-50.01,2.05,36
214,sharan,495770,Sharan,3.84,RU,1587230612,72,54.82,54,3.42,100
215,buraydah,107304,Buraidah,27,SA,1587230612,32,26.33,43.98,5.1,50
216,hilo,5855927,Hilo,21.11,US,1587230612,73,19.73,-155.09,2.6,1
217,sakata,1853140,Sakata,8.98,JP,1587230612,76,38.92,139.85,6.7,100
218,laguna,5364271,Laguna,15.56,US,1587230401,62,38.42,-121.42,4.1,90
219,qinhuangdao,1797595,Qinhuangdao,12.51,CN,1587230612,52,39.93,119.59,0.82,100
220,lompoc,5367788,Lompoc,14,US,1587230612,71,34.64,-120.46,3.6,90
221,xingyi,1787599,Xingyi,14.79,CN,1587230612,40,24.19,102.82,1.66,1
222,lima,3936456,Lima,23,PE,1587230418,73,-12.04,-77.03,3.6,25
223,imbituba,3461370,Imbituba,25,BR,1587230612,61,-28.24,-48.67,5.7,20
224,bambous virieux,1106677,Bambous Virieux,26.11,MU,1587230612,78,-20.34,57.76,7.2,75
225,bridlington,2654728,Bridlington,9,GB,1587230613,81,54.08,-0.19,5.7,74
227,tocopilla,3869716,Tocopilla,28.84,CL,1587230613,29,-22.09,-70.2,3.37,19
228,ornskoldsvik,2686469,Örnsköldsvik,10,SE,1587230613,39,63.29,18.72,4.1,0
229,san carlos de bariloche,7647007,Bariloche,16,AR,1587230613,51,-41.15,-71.31,10.8,40
230,cabra,2520645,Cabra,23,ES,1587230613,56,37.47,-4.44,3.1,91
231,bafata,2375255,Bafatá,37.44,GW,1587230613,16,12.17,-14.75,2.81,93
232,sitka,5557293,Sitka,4,US,1587230613,100,57.05,-135.33,1.5,90
233,mantua,3174050,Province of Mantua,22.22,IT,1587230613,47,45.17,10.78,0.45,89
234,atuona,4020109,Atuona,27.92,PF,1587230399,79,-9.8,-139.03,6.35,63
235,vanimo,2084442,Vanimo,27.29,PG,1587230613,76,-2.67,141.3,1.24,88
236,kiboga,231550,Kiboga,17.61,UG,1587230614,70,0.92,31.77,0.21,100
237,nenjiang,2035601,Mergen,14.38,CN,1587230614,29,49.18,125.22,9.19,100
238,san cristobal,3628473,San Cristobal,29,VE,1587230335,62,7.77,-72.22,1.5,40
239,lagoa,3372964,Lagoa,17.27,PT,1587230614,85,39.05,-27.98,11.43,93
240,port lincoln,2063036,Port Lincoln,14.72,AU,1587230586,74,-34.73,135.87,2.3,51
242,ankang,1789065,Ankang,8.91,CN,1587230614,74,32.68,109.02,0.24,75
243,kathu,1153035,Kathu,24,TH,1587230614,94,7.92,98.33,1,75
244,moba,7341918,Moba,8.4,CN,1587230614,46,33.23,105.02,0.47,52
245,broome,5110365,Broome,4.44,US,1587230614,74,42.25,-75.83,6.7,90
246,grindavik,3416888,Grindavik,3,IS,1587230615,100,63.84,-22.43,4.1,90
247,iwanai,2129868,Iwanai,6.97,JP,1587230615,83,42.97,140.51,2.11,100
248,yambio,363656,Yambio,21.18,SS,1587230615,75,4.57,28.4,1.7,90
249,beisfjord,3144987,Beisfjord,5,NO,1587230615,86,68.38,17.6,9.8,75
250,longyearbyen,2729907,Longyearbyen,1,SJ,1587230615,69,78.22,15.64,2.6,40
251,mineiros,3457147,Mineiros,22.23,BR,1587230615,68,-17.57,-52.55,1.5,99
252,camopi,3382226,Camopi,31.4,GF,1587230615,59,3.17,-52.32,1.22,62
253,santander,3109718,Santander,16,ES,1587230615,82,43.46,-3.8,2.1,75
254,ambilobe,1082243,Ambilobe,24.35,MG,1587230615,77,-13.2,49.05,2.95,99
255,karratha,6620339,Karratha,28.11,AU,1587230616,64,-20.74,116.85,4.81,80
256,chake chake,160677,Chake Chake,27.29,TZ,1587230616,84,-5.25,39.77,7.89,100
257,porto santo,8010683,Porto Santo,19,PT,1587230616,63,33.07,-16.34,5.7,20
258,barranca,3946820,Barranca,25.13,PE,1587230616,62,-10.75,-77.77,4.45,41
260,beringovskiy,2126710,Beringovskiy,-7.75,RU,1587230616,96,63.05,179.32,8.41,100
261,mirnyy,2019951,Mirny,-11,RU,1587230616,51,62.54,113.96,7,98
263,kahului,5847411,Kahului,21.67,US,1587230441,72,20.89,-156.47,2.1,20
265,hirara,1862505,Hirara,23.31,JP,1587230617,88,24.8,125.28,7.8,98
266,maneadero,3996737,Rodolfo Sánchez Taboada,16.67,MX,1587230617,83,31.72,-116.57,0.89,90
267,wynyard,2142747,Wynyard,13.33,AU,1587230617,90,-41,145.72,0.45,26
268,te anau,2181625,Te Anau,7.2,NZ,1587230617,72,-45.42,167.72,2.56,80
269,olden,3135601,Olden,3.89,NO,1587230617,77,61.84,6.81,0.45,23
270,tarragona,3108287,Tarragona,16.67,ES,1587230578,100,41.13,1.25,3.6,99
271,upernavik,3418910,Upernavik,-3.51,GL,1587230474,89,72.79,-56.15,12.98,100
272,havoysund,779622,Havøysund,2,NO,1587230617,93,71,24.66,6.2,95
273,oktyabrskiy,515879,Oktyabr'skiy,3.9,RU,1587230463,72,54.48,53.47,3.47,100
274,tugdan,1680954,Tugdan,28,PH,1587230617,80,12.31,122.09,7.35,41
275,coari,3664539,Coari,28.54,BR,1587230355,83,-4.08,-63.14,1.24,90
276,ventspils,454310,Ventspils,4,LV,1587230618,78,57.39,21.56,4.6,20
278,ostrovnoy,556268,Ostrovnoy,0.25,RU,1587230618,95,68.05,39.51,5.59,100
279,victoria,1819729,Hong Kong,23.89,HK,1587230432,83,22.29,114.16,1.34,96
280,charters towers,2171722,Charters Towers,21.83,AU,1587230618,80,-20.1,146.27,3.08,18
281,comodoro rivadavia,3860443,Comodoro Rivadavia,23,AR,1587230618,28,-45.87,-67.5,12.9,75
282,provideniya,4031574,Provideniya,-6.02,RU,1587230618,95,64.38,-173.3,7.26,100
283,college,5859699,College,3.89,US,1587230618,93,64.86,-147.8,1.33,90
284,rawson,3839307,Rawson,19.6,AR,1587230446,63,-43.3,-65.1,6.62,100
285,luderitz,3355672,Lüderitz,17,NA,1587230618,82,-26.65,15.16,3.6,11
286,muzhi,1498161,Muzhi,0.68,RU,1587230619,97,65.37,64.67,2.49,100
288,smoky lake,6150293,Smoky Lake,0.54,CA,1587230619,70,54.12,-112.47,4.42,77
289,hasaki,2112802,Hasaki,11.11,JP,1587230619,71,35.73,140.83,3.1,40
290,weiswampach,2959989,Weiswampach,19.44,LU,1587230619,73,50.14,6.08,2.68,34
291,eyemouth,2649784,Eyemouth,8.33,GB,1587230619,72,55.87,-2.09,3.13,1
292,fukue,1863997,Fukuechō,15.15,JP,1587230619,70,32.69,128.84,6.12,85
293,boende,218680,Boende,22.54,CD,1587230619,86,-0.22,20.87,1.01,94
294,cidreira,3466165,Cidreira,22.07,BR,1587230556,65,-30.18,-50.21,4.82,3
295,sarangani,1687186,Sarangani,28.81,PH,1587230619,75,5.4,125.46,7.19,62
296,ribeira grande,3372707,Ribeira Grande,18,PT,1587230620,88,38.52,-28.7,5.7,75
297,hofn,2630299,Hofn,6.84,IS,1587230620,86,64.25,-15.21,5.97,99
298,iquique,3887127,Iquique,22,CL,1587230620,60,-20.22,-70.14,7.7,3
299,tanga,149606,Tanga,24.23,TZ,1587230620,93,-5.07,39.1,5.5,100
300,saint-joseph,6690296,Saint-Joseph,25,RE,1587230620,78,-21.37,55.62,10.3,6
301,bethel,5282297,Bethel,4.44,US,1587230620,86,41.37,-73.41,6.2,90
302,nouadhibou,2377457,Nouadhibou,23,MR,1587230620,64,20.93,-17.03,7.7,20
303,pedro ii,3392431,Pedro II,26.15,BR,1587230620,72,-4.42,-41.46,0.49,77
304,chateaudun,3026285,Châteaudun,22,FR,1587230620,46,48.08,1.33,2.6,11
305,noumea,2139521,Noumea,24.44,NC,1587230621,78,-22.28,166.46,3.87,52
306,faanui,4034551,Faanui,28.2,PF,1587230568,70,-16.48,-151.75,3.9,60
307,talavera de la reina,2510693,Talavera de la Reina,21.67,ES,1587230509,48,39.96,-4.83,4.02,90
308,semporna,1733697,Semporna,25,MY,1587230621,94,4.48,118.61,1.5,20
309,cartagena,3687238,Cartagena,32,CO,1587230557,62,10.4,-75.51,5.1,20
310,cockburn town,3576994,Cockburn Town,28,TC,1587230577,65,21.46,-71.14,7.7,40
311,valle nacional,3518722,Valle Nacional,36.77,MX,1587230621,28,17.78,-96.32,2.38,2
312,clyde river,5924351,Clyde River,-8,CA,1587230621,85,70.47,-68.59,1,90
313,bonthe,2409914,Bonthe,27.88,SL,1587230621,71,7.53,-12.51,4.84,100
314,iqaluit,5983720,Iqaluit,-15,CA,1587230621,65,63.75,-68.51,1.46,40
315,atlantic beach,4146354,Atlantic Beach,26,US,1587230621,69,30.33,-81.4,4.6,75
316,dalbandin,1180729,Dalbandin,24.58,PK,1587230622,22,28.89,64.41,3.96,100
317,uyuni,3901903,Uyuni,12.99,BO,1587230622,9,-20.46,-66.83,1.01,1
318,cootamundra,2170430,Cootamundra,7.38,AU,1587230622,74,-34.65,148.03,0.91,70
319,gondanglegi,1640660,Gondanglegi,24.72,ID,1587230622,86,-7.75,112.01,0.95,98
320,kadaya,2023324,Kadaya,-1.7,RU,1587230622,73,50.93,119.29,7.02,100
321,kloulklubed,7671223,Kloulklubed,28.4,PW,1587230622,80,7.04,134.26,6.96,100
322,volodarka,689157,Volodarka,7.06,UA,1587230622,53,49.52,29.91,2.4,64
323,asau,686090,Asău,17,RO,1587230622,33,46.43,26.4,2.1,52
324,leh,1264976,Leh,2.24,IN,1587230623,17,34.17,77.58,2.64,94
326,zhob,1162105,Zhob,17.78,PK,1587230623,23,31.34,69.45,4.26,28
327,ixtapa,4004293,Ixtapa,27,MX,1587230623,61,20.7,-105.2,3.1,90
329,sorong,1626542,Sorong,25.07,ID,1587230623,87,-0.88,131.25,0.53,98
330,inta,1505579,Inta,-0.06,RU,1587230623,94,66.03,60.17,1.66,100
331,mouila,2398073,Mouila,24.6,GA,1587230623,88,-1.87,11.06,1.93,82
332,rozvadiv,695298,Rozvadiv,10,UA,1587230623,25,49.5,23.62,4,1
333,tambovka,2015608,Tambovka,2,RU,1587230623,47,50.1,128.05,2,100
334,araceli,1730272,Araceli,29.4,PH,1587230624,76,10.55,119.99,8.88,20
335,kilindoni,157429,Kilindoni,28.44,TZ,1587230624,76,-7.91,39.67,8.84,100
336,hamamatsu,1863289,Hamamatsu,13.89,JP,1587230555,78,34.7,137.73,3.58,48
337,betanzos,3128071,Betanzos,14.44,ES,1587230624,87,43.28,-8.21,2.6,40
338,sangod,1257410,Sangod,30.23,IN,1587230624,18,24.92,76.28,3.06,66
339,great falls,5655240,Great Falls,3.89,US,1587230466,86,47.5,-111.3,4.6,90
340,chokurdakh,2126123,Chokurdakh,-24.49,RU,1587230624,86,70.63,147.92,3.36,56
341,nangong,1800065,Nangong,14.13,CN,1587230624,59,37.36,115.37,4.42,100
342,kieta,2094027,Kieta,26.37,PG,1587230621,78,-6.22,155.63,1.11,100
343,paracatu,3455168,Paracatu,24.95,BR,1587230624,66,-17.22,-46.87,2.36,98
344,abu samrah,172515,Abu Samrah,20.76,SY,1587230625,44,35.3,37.18,2.95,67
345,santa lucia,2511150,Santa Lucía,21.11,ES,1587230625,68,27.91,-15.54,7.2,20
346,visnes,3131500,Visnes,10,NO,1587230625,75,59.36,5.22,3.6,0
347,erenhot,2037485,Erenhot,9.7,CN,1587230625,46,43.65,111.98,6.12,100
348,mehamn,778707,Mehamn,1.85,NO,1587230625,85,71.04,27.85,5.85,99
349,olafsvik,3414079,Olafsvik,1.55,IS,1587230575,90,64.89,-23.71,2.66,100
350,guerrero negro,4021858,Guerrero Negro,18.47,MX,1587230625,56,27.98,-114.06,7.44,2
351,coquimbo,3893629,Coquimbo,15,CL,1587230625,87,-29.95,-71.34,3.6,90
353,sechura,3691954,Sechura,25.31,PE,1587230626,65,-5.56,-80.82,3.92,32
354,terrace,6162949,Terrace,12.22,CA,1587230626,66,54.52,-128.6,4.1,20
355,oistins,3373652,Oistins,31,BB,1587230626,55,13.07,-59.53,9.3,40
356,sri aman,1735799,Sri Aman,24,MY,1587230394,100,1.24,111.46,0.61,88
357,port-gentil,2396518,Port-Gentil,30,GA,1587230626,79,-0.72,8.78,4.6,40
358,aklavik,5882953,Aklavik,-5,CA,1587230626,79,68.22,-135.01,3.6,90
359,amahai,1651591,Amahai,26.96,ID,1587230626,79,-3.33,128.92,1.19,77
360,praia da vitoria,3372760,Praia da Vitória,18,PT,1587230626,88,38.73,-27.07,8.11,75
361,petropavlovsk-kamchatskiy,2122104,Petropavlovsk-Kamchatskiy,-1,RU,1587230469,74,53.05,158.65,3,0
362,kasongo-lunda,2315026,Kasongo-Lunda,21.3,CD,1587230626,78,-6.47,16.82,1.16,100
363,requena,2511930,Requena,15.56,ES,1587230627,85,39.49,-1.1,3.11,97
364,primo tapia,3979430,Primo Tapia,17.22,MX,1587230627,87,32.22,-116.92,2.1,90
365,inhambane,1045114,Inhambane,26,MZ,1587230627,69,-23.86,35.38,3.1,20
366,beloha,1067565,Beloha,23.01,MG,1587230627,75,-25.17,45.05,5.44,39
367,kemijarvi,653272,Kemijärvi,0.03,FI,1587230627,90,66.71,27.43,3.26,96
368,caravelas,3466980,Caravelas,25.27,BR,1587230496,78,-17.71,-39.25,9.63,98
369,xining,1788852,Xining,7.02,CN,1587230627,27,36.62,101.77,0.3,37
370,helsinge,2620476,Helsinge,8.89,DK,1587230627,68,56.02,12.2,2.68,6
371,tuatapere,2180815,Tuatapere,6.67,NZ,1587230405,93,-46.13,167.68,1.34,94
372,borujerd,140044,Borūjerd,12.1,IR,1587230627,33,33.9,48.75,0.33,100
374,locri,2524371,Locri,18.33,IT,1587230628,20,38.24,16.26,1.18,12
375,zabaykalsk,2012780,Zabaykal'sk,4.29,RU,1587230628,55,49.63,117.32,5.5,100
376,konstantinovskiy,545272,Konstantinovskiy,1,RU,1587230628,86,57.83,39.59,4,73
377,bathsheba,3374083,Bathsheba,31,BB,1587230628,55,13.22,-59.52,9.3,40
379,acari,3948613,Acarí,27.15,PE,1587230628,45,-15.43,-74.62,3.86,34
380,bulgan,2032201,Bulgan,-0.61,MN,1587230628,54,48.81,103.53,3.18,33
381,ust-ishim,1488206,Ust'-Ishim,9.31,RU,1587230628,74,57.69,71.17,2.88,100
383,oranjemund,3354071,Oranjemund,15.46,NA,1587230628,83,-28.55,16.43,1.38,1
384,flin flon,5954718,Flin Flon,-8,CA,1587230629,61,54.77,-101.86,5.1,75
385,havelock,4470244,Havelock,26,US,1587230629,54,34.88,-76.9,11.8,75
387,qaqortoq,3420846,Qaqortoq,0,GL,1587230629,89,60.72,-46.03,1.5,20
388,chapais,5919850,Chapais,3,CA,1587230629,37,49.78,-74.85,9.3,20
389,ginir,336454,Ginir,16.37,ET,1587230629,57,7.13,40.7,1.16,100
390,key largo,4160795,Key Largo,28.89,US,1587230393,71,25.09,-80.45,4.94,1
391,moron,3430545,Morón,25.56,AR,1587230629,50,-34.65,-58.62,4.04,0
392,arvika,2725123,Arvika,11,SE,1587230629,34,59.66,12.59,5.1,19
393,alta floresta,6316343,Alta Floresta,30.28,BR,1587230465,60,-9.88,-56.09,0.25,100
394,hagi,1863418,Hagi,11.67,JP,1587230630,87,34.4,131.42,2.1,75
395,udalguri,1253977,Udalguri,22.6,IN,1587230630,66,26.77,92.13,2.21,67
396,itambe,3460813,Itambé,25,BR,1587230630,77,-15.24,-40.62,3.68,62
397,varhaug,3132644,Varhaug,8.33,NO,1587230630,70,58.61,5.65,3.6,0
398,songjianghe,2034691,Songjianghe,3.31,CN,1587230630,68,42.19,127.48,1.57,40
400,elko,5703673,Elko,11.11,US,1587230630,38,41,-115.5,3.13,34
401,praya,3374333,Praia,27,CV,1587230551,54,14.92,-23.51,9.8,40
402,malakal,370737,Malakal,33.29,SS,1587230630,9,9.53,31.66,1.25,60
403,bardiyah,80509,Al Bardīyah,16.06,LY,1587230630,73,31.76,25.09,3.79,0
404,saint anthony,5044290,Saint Anthony,15,US,1587230631,44,45.02,-93.22,6.7,75
405,ketchikan,5554428,Ketchikan,9,US,1587230631,81,55.34,-131.65,3.1,1
406,san vicente,3428068,San Vicente,26.96,AR,1587230631,27,-26.62,-54.13,1.24,19
407,aden,415189,Aden,28.57,YE,1587230534,76,12.78,45.04,7.93,56
408,pallasovka,513042,Pallasovka,6.5,RU,1587230631,78,50.05,46.88,1.75,84
409,deputatskiy,2028164,Deputatsky,-26.64,RU,1587230605,73,69.3,139.9,0.82,0
410,puerto escondido,3520994,Puerto Escondido,30,MX,1587230631,84,15.85,-97.07,5.1,5
411,huainan,1807681,Huainan,11.22,CN,1587230631,91,32.63,117,4.22,100
412,vestmannaeyjar,3412093,Vestmannaeyjar,7,IS,1587230631,93,63.44,-20.27,5.7,75
413,berdigestyakh,2026861,Berdigestyakh,-16.51,RU,1587230631,91,62.1,126.7,1.31,17
414,nova ushytsya,699899,Nova Ushytsya,11.11,UA,1587230632,25,48.84,27.27,2.24,53
415,southbridge,4951594,Southbridge,2.78,US,1587230632,90,42.08,-72.03,4.46,100
416,ternate,1624041,Ternate,26.75,ID,1587230632,80,0.8,127.4,1.47,58
417,mehkar,1263195,Mehkar,31.11,IN,1587230632,20,20.15,76.57,2.49,7
418,krasnoselkup,1502073,Krasnosel'kup,3.29,RU,1587230632,78,65.7,82.47,10.18,100
419,bambanglipuro,1650434,Bambanglipuro,25.91,ID,1587230632,81,-7.95,110.28,2.42,98
420,lovozero,533933,Lovozero,-1.12,RU,1587230632,96,68,35.01,2.89,100
421,evensk,2125693,Evensk,-11.85,RU,1587230632,88,61.95,159.23,5.36,81
422,dalvik,2632287,Dalvik,10,IS,1587230506,61,65.97,-18.53,18.5,75
424,santa maria,3450083,Santa Maria,25.55,BR,1587230633,44,-29.68,-53.81,2.82,15
425,saint john,6138517,Saint John,6.67,CA,1587230633,35,45.27,-66.07,4.1,75
426,palmer,4946620,Palmer,4.44,US,1587230633,86,42.16,-72.33,4.6,90
427,nesbyen,3144733,Nesbyen,5,NO,1587230525,47,60.57,9.1,1.14,0
428,florida,4155751,Florida,25,US,1587230589,100,28.75,-82.5,1.5,75
429,aksarka,1512019,Aksarka,-0.14,RU,1587230633,98,66.56,67.8,0.93,100
430,utkivka,690571,Utkivka,6.15,UA,1587230633,58,49.79,36.08,2.81,10
431,bac lieu,1591474,Bac Lieu,27.58,VN,1587230633,82,9.29,105.72,4.06,100
432,torbat-e jam,1159362,Torbat-e Jām,16.47,IR,1587230633,31,35.24,60.62,1.87,82
433,husavik,2629833,Husavik,10,IS,1587230633,61,66.04,-17.34,18.5,75
434,gulbarga,1270752,Gulbarga,32.1,IN,1587230633,25,17.33,76.83,2.59,66
435,namatanai,2090021,Namatanai,27.45,PG,1587230634,77,-3.67,152.43,1.49,100
436,vardo,777019,Vardø,1,NO,1587230634,86,70.37,31.11,5.7,75
437,tugulym,1489057,Tugulym,11,RU,1587230634,37,57.06,64.64,6,95
438,cap malheureux,934649,Cap Malheureux,26.11,MU,1587230595,78,-19.98,57.61,7.2,75
439,tsarychanka,691155,Tsarychanka,7.08,UA,1587230634,56,48.94,34.48,2.18,45
440,beyneu,610298,Beyneu,18.6,KZ,1587230634,36,45.32,55.2,2.73,78
441,yulara,6355222,Yulara,21,AU,1587230634,37,-25.24,130.99,2.6,0
442,tottori,1849892,Tottori-shi,10.29,JP,1587230634,82,35.5,134.23,5.78,100
443,zhangjiakou,2033196,Zhangjiakou,10.66,CN,1587230634,35,40.81,114.88,2.13,100
445,yongchang,1919088,Yongchang,16.67,CN,1587230635,90,30.04,119.73,0.35,100
446,pitimbu,3391889,Pitimbu,31,BR,1587230635,70,-7.47,-34.81,4.1,40
447,merauke,2082539,Merauke,25.35,ID,1587230635,87,-8.47,140.33,3.97,98
448,petit goave,3718962,Tigwav,34,HT,1587230635,41,18.43,-72.87,3.6,7
449,oliveira,3455908,Oliveira,22.42,BR,1587230635,59,-20.7,-44.83,3.45,94
450,sivaki,2016477,Sivaki,0.07,RU,1587230635,71,52.63,126.75,6.22,100
451,general roca,3855065,General Roca,27,AR,1587230635,44,-39.03,-67.58,1,83
452,virginia beach,4791259,Virginia Beach,12.22,US,1587230398,87,36.85,-75.98,3.1,90
454,diego de almagro,3892454,Diego de Almagro,29.52,CL,1587230635,16,-26.37,-70.05,6.2,0
455,port keats,2063039,Port Keats,28.08,AU,1587230636,78,-14.25,129.55,2.76,45
456,sabang,1214026,Sabang,28.39,ID,1587230636,74,5.89,95.32,2.36,20
458,raudeberg,3146487,Raudeberg,10,NO,1587230636,57,61.99,5.14,4.1,0
460,mount isa,2065594,Mount Isa,24,AU,1587230636,31,-20.73,139.5,3.6,11
461,nizhnevartovsk,1497543,Nizhnevartovsk,12,RU,1587230636,50,60.93,76.55,7,100
462,sibolga,1213855,Sibolga,25.65,ID,1587230408,80,1.74,98.78,1.45,100
463,leander,4705708,Leander,15.56,US,1587230549,71,30.58,-97.85,2.6,90
464,pacifica,5380420,Pacifica,14.44,US,1587230475,58,37.61,-122.49,1.5,75
465,xinzhi,1788462,Xinzhi,8.97,CN,1587230637,57,36.5,111.7,0.78,100
466,iranshahr,1160939,Iranshahr,29,IR,1587230637,25,27.2,60.68,2.1,100
467,caborca,3996893,Caborca,22.22,MX,1587230637,26,30.58,-111.1,2.68,0
468,hambantota,1244926,Hambantota,28.47,LK,1587230637,77,6.12,81.12,2.93,88
469,baruun-urt,2032614,Baruun-Urt,6.72,MN,1587230637,42,46.68,113.28,3.04,100
470,fairbanks,5861897,Fairbanks,3.89,US,1587230385,100,64.84,-147.72,1.33,90
471,ugoofaaru,1337619,Ugoofaaru,29.97,MV,1587230466,73,5.67,73,4,7
472,isangel,2136825,Isangel,26.03,VU,1587230637,82,-19.55,169.27,4.73,79
473,ivanava,627811,Ivanava,4.38,BY,1587230637,65,52.15,25.54,2.45,88
474,kavieng,2094342,Kavieng,27.87,PG,1587230585,76,-2.57,150.8,0.27,99
475,kupino,1501365,Kupino,10.21,RU,1587230638,62,54.37,77.3,5.1,92
476,nyurba,2018735,Nyurba,-14.03,RU,1587230638,93,63.28,118.33,2.03,69
477,sur,286245,Sur,26.65,OM,1587230511,76,22.57,59.53,1.06,2
478,marzuq,72181,Marzuq,24.55,YE,1587230638,46,14.4,46.47,3.87,11
479,saint-francois,2980080,Saint-François,21.11,FR,1587230638,49,46.42,3.91,0.5,98
480,marang,1734715,Marang,27.78,MY,1587230638,88,5.21,103.21,1.5,20
481,goure,2444219,Gouré,37.78,NE,1587230638,4,13.98,10.27,1.79,99
482,puntarenas,3622228,Puntarenas,29,CR,1587230638,39,9.98,-84.84,5.1,0
483,blagoyevo,576093,Blagoyevo,1.18,RU,1587230638,93,63.37,47.92,0.88,84
484,channel-port aux basques,5919815,Channel-Port aux Basques,-1.2,CA,1587230638,92,47.57,-59.14,4.12,68
486,kavaratti,1267390,Kavaratti,29.3,IN,1587230639,70,10.57,72.64,2.84,1
487,kailua,5847486,Kailua,26,US,1587230639,57,21.4,-157.74,4.1,20
488,prince rupert,6113406,Prince Rupert,7,CA,1587230639,100,54.32,-130.32,1.5,40
489,chakwal,1181636,Chakwal,15,PK,1587230639,100,32.93,72.86,3.6,20
490,tankhoy,2015576,Tankhoy,0.37,RU,1587230639,74,51.55,105.13,3.84,98
491,katangli,2122783,Katangli,-4.72,RU,1587230639,96,51.71,143.23,2.02,96
492,myanaung,1308204,Myanaung,24.94,MM,1587230639,51,18.28,95.32,0.87,0
493,baicheng,2038569,Baicheng,15.52,CN,1587230639,28,45.62,122.82,7.93,100
494,chihuahua,4014336,Chihuahua,25,MX,1587230639,10,28.5,-106,6.2,40
495,acopiara,3408343,Acopiara,27.18,BR,1587230640,79,-6.1,-39.45,1.38,51
496,severo-kurilsk,2121385,Severo-Kuril'sk,0.38,RU,1587230640,88,50.68,156.12,4.04,0
497,saint-georges,3579925,St. George's,29,GD,1587230640,70,12.06,-61.75,101.9,20
499,kirksville,5055787,Kirksville,12.22,US,1587230422,53,40.19,-92.58,8.2,1
500,mbala,176146,Mbala,16.74,ZM,1587230640,58,-8.84,31.37,3.27,96
501,nome,5870133,Nome,1.11,US,1587230640,100,64.5,-165.41,3.6,90
502,sept-iles,6144312,Sept-Îles,1.67,CA,1587230554,89,50.2,-66.38,5.7,20
503,falmouth,2649715,Falmouth,12,GB,1587230640,93,50.15,-5.07,5.7,18
504,wufeng,1784592,Wufeng,10.8,CN,1587230593,54,27.45,104.83,1.44,67
505,boda,2388614,Boda,24.33,CF,1587230641,75,4.32,17.47,2.06,71
506,mount gambier,2156643,Mount Gambier,7,AU,1587230504,100,-37.83,140.77,1,40
507,walvis bay,3359638,Walvis Bay,16,NA,1587230641,77,-22.96,14.51,4.1,10
508,talas,299900,Talas,15,TR,1587230641,44,38.69,35.55,2.6,40
509,karlstad,2701680,Karlstad,11,SE,1587230641,34,59.38,13.5,5.1,57
510,terrace bay,6162951,Terrace Bay,1,CA,1587230641,88,48.78,-87.1,4.1,90
511,witu,178093,Witu,26.84,KE,1587230641,83,-2.39,40.44,4.54,100
512,yar-sale,1486321,Yar-Sale,1.51,RU,1587230641,98,66.83,70.83,2.78,100
513,valparaiso,3868626,Valparaíso,26,CL,1587230498,44,-33.04,-71.63,3.1,28
514,flinders,6255012,Flinders,12.78,AU,1587230642,82,-34.58,150.86,2.9,92
515,sambava,1056899,Sambava,23.98,MG,1587230642,86,-14.27,50.17,3.24,98
516,banda aceh,1215502,Banda Aceh,26.69,ID,1587230642,81,5.56,95.32,2.03,27
517,mitoc,673054,Mitoc,13.89,RO,1587230642,37,48.1,27.03,3.1,33
518,kinshasa,2314302,Kinshasa,29,CD,1587230411,74,-4.32,15.32,7.7,40
519,manono,209598,Manono,22.37,CD,1587230642,79,-7.3,27.42,0.54,98
520,tessaoua,2438823,Tessaoua,32.54,NE,1587230642,9,13.76,7.99,3.51,41
521,haines junction,5969025,Haines Junction,5.85,CA,1587230642,50,60.75,-137.51,0.67,1
522,creel,4012593,Creel,16.98,MX,1587230642,12,27.75,-107.63,9.65,56
523,swan hill,2147756,Swan Hill,11.26,AU,1587230642,62,-35.34,143.55,1.04,41
524,margate,2643044,Margate,11.11,GB,1587230643,85,51.38,1.39,6.98,20
525,bundaberg,2173323,Bundaberg,21.67,AU,1587230643,100,-24.85,152.35,1.5,40
526,makakilo city,5850554,Makakilo City,22,US,1587230643,88,21.35,-158.09,1.5,1
527,salalah,286621,Salalah,28,OM,1587230643,74,17.02,54.09,3.1,40
528,dicabisagan,1715015,Dicabisagan,25.71,PH,1587230587,84,17.08,122.42,2.28,75
529,helena,5656882,Helena,10,US,1587230643,46,46.59,-112.04,3.6,40
530,albanel,5883074,Albanel,5,CA,1587230643,35,48.88,-72.45,6.2,75
531,calama,3897347,Calama,24,CL,1587230574,12,-22.47,-68.93,7.2,0
532,pajan,3653609,Paján,27.39,EC,1587230643,72,-1.57,-80.42,0.84,100
533,feira de santana,3463478,Feira de Santana,30.11,BR,1587230643,55,-12.27,-38.97,4.87,37
534,jalu,86049,Jalu,23.3,LY,1587230410,23,29.03,21.55,3.86,0
535,nsanje,924572,Nsanje,22.8,MW,1587230644,88,-16.92,35.26,2.27,26
537,mount pleasant,4588165,Mt. Pleasant,27.22,US,1587230377,61,32.79,-79.86,6.7,40
538,avera,4231997,Avera,24.44,US,1587230644,60,33.19,-82.53,5.1,90
539,deep river,5937073,Deep River,9.44,CA,1587230644,26,46.1,-77.5,3.6,75
540,salinas,5391295,Salinas,14,US,1587229939,66,36.68,-121.66,1.5,90
541,russell,4047434,Russell,25,US,1587230644,61,32.35,-85.2,4.1,75
542,kawalu,1640902,Kawalu,23.28,ID,1587230644,77,-7.38,108.21,1.02,100
543,tommot,2015179,Tommot,-13.83,RU,1587230645,89,58.96,126.29,0.91,74
544,martapura,1636022,Martapura,25.35,ID,1587230645,90,-3.42,114.85,1.16,99
545,kutum,371745,Kutum,25.22,SD,1587230645,11,14.2,24.67,4.32,62
546,maun,933366,Maun,27,BW,1587230645,57,-19.98,23.42,2.24,87
547,kohtla-jarve,591260,Kohtla-Järve,3.29,EE,1587230645,75,59.4,27.27,8.39,99
548,rocha,3440777,Rocha,22.29,UY,1587230645,59,-34.48,-54.33,3.37,0
549,tamiahua,3516376,Tamiahua,28.62,MX,1587230645,76,21.27,-97.45,3.3,94
550,zhanaozen,607610,Zhangaözen,16.71,KZ,1587230645,38,43.3,52.8,2.47,59
551,northam,2641434,Northam,13.33,GB,1587230645,86,51.03,-4.22,0.89,46
552,coihaique,3894426,Coyhaique,12,CL,1587230503,87,-45.58,-72.07,2.6,75
553,trincomalee,1226260,Trincomalee,27.48,LK,1587230646,82,8.57,81.23,3.09,63
554,novoilinsk,2018946,Novoil'insk,-2.16,RU,1587230646,72,51.68,108.71,3.59,40
555,havre-saint-pierre,5972291,Havre-St-Pierre,1,CA,1587230646,55,50.23,-63.6,7.7,20
556,harer,335035,Harar,18.66,ET,1587230646,50,9.31,42.13,3.51,100
557,kibuye,202065,Kibuye,20,RW,1587230646,77,-2.06,29.35,3.1,75
558,bowen,2174444,Bowen,22.78,AU,1587230646,94,-20.02,148.23,0.5,40
559,mamallapuram,1263997,Mahabalipuram,30,IN,1587230350,74,12.63,80.17,4.1,20
560,pangnirtung,6096551,Pangnirtung,-16,CA,1587230646,77,66.15,-65.71,2.6,75
561,nacala,1035025,Nacala,25.29,MZ,1587230646,84,-14.54,40.67,3.43,1
562,kapuskasing,5989403,Kapuskasing,6,CA,1587230647,38,49.42,-82.43,14.9,90
563,maracaibo,3633009,Maracaibo,30.78,VE,1587230445,57,10.63,-71.64,1.65,11
564,punto fijo,3629576,Punto Fijo,28.65,VE,1587230647,64,11.7,-70.2,11.79,59
565,annau,162199,Annau,18,TM,1587230647,68,37.89,58.52,1,40
566,chulman,2025261,Chul'man,-13.83,RU,1587230647,83,56.85,124.91,2.59,100
567,aurangabad,1278149,Aurangabad,31.96,IN,1587230647,21,19.88,75.33,5.66,49
568,chernyshevskiy,2025456,Chernyshevskiy,-12.36,RU,1587230647,90,63.01,112.47,2.37,99
569,sola,2134814,Sola,28.02,VU,1587230647,76,-13.88,167.55,4.63,73
570,mon,1262824,Mon,18.2,IN,1587230647,66,26.75,95.1,0.67,75
571,adre,245669,Adré,24.82,TD,1587230648,13,13.47,22.2,1.73,36
572,inirida,3671450,Inírida,28.17,CO,1587230648,83,3.87,-67.92,1.66,87
573,iralaya,3608828,Iralaya,31,HN,1587230648,70,15,-83.23,4.82,75
574,nantucket,4944903,Nantucket,6,US,1587230376,87,41.28,-70.1,8.7,90
575,buchanan,2278158,Buchanan,29,LR,1587230648,83,5.88,-10.05,5,75
576,linxia,1803331,Linxia Chengguanzhen,9.39,CN,1587230396,27,35.6,103.21,0.66,23
577,bonavista,5905393,Bonavista,2.78,CA,1587230648,51,48.65,-53.11,5.36,69
579,general pico,3855075,General Pico,27.19,AR,1587230648,26,-35.66,-63.76,8.26,11
580,lavrentiya,4031637,Lavrentiya,-7.95,RU,1587230449,96,65.58,-171,5.9,100
581,hamilton,4513583,Hamilton,11.67,US,1587230622,53,39.18,-84.53,4.1,40
582,arkhangelsk,581049,Arkhangelsk,3,RU,1587230649,74,64.54,40.54,2,40
583,saint george,5546220,Saint George,18.33,US,1587230353,51,37.1,-113.58,1.5,1
584,yalta,688533,Yalta,12.24,UA,1587230649,58,44.5,34.17,0.67,29
585,lasa,3175096,Laas,16,IT,1587230649,48,46.62,10.7,1.5,40
586,storforshei,3145614,Storforshei,3.89,NO,1587230649,87,66.4,14.52,1.92,100
587,honiara,2108502,Honiara,25.04,SB,1587230649,78,-9.43,159.95,1.81,98
588,tongren,1792592,Tongren,14,CN,1587230649,81,27.72,109.19,0.74,94
589,taitung,6949678,Taitung City,24.87,TW,1587230649,67,22.76,121.14,1.97,81
591,gasa,281133,Gaza,20.56,PS,1587230649,74,31.5,34.47,5.24,0
592,susurluk,300058,Susurluk,20,TR,1587230649,42,39.91,28.16,2.6,0
593,dunmore town,3572462,Dunmore Town,25.85,BS,1587230650,80,25.5,-76.65,6.46,0
594,chegutu,894239,Chegutu,21.35,ZW,1587230650,44,-18.13,30.14,5.18,21
596,artigas,3443758,Artigas,25.87,UY,1587230650,36,-30.4,-56.47,4.14,0
597,svetlaya,2015852,Svetlaya,4.11,RU,1587230650,74,46.54,138.33,0.88,61
598,bad kissingen,2953424,Bad Kissingen,20,DE,1587230605,60,50.2,10.08,0.72,91
599,rio grande,3451138,Rio Grande,24,BR,1587230650,64,-32.03,-52.1,5.1,40
600,gogapur,1271093,Gogāpur,29.74,IN,1587230650,19,23.55,75.52,4.28,83
601,novyye lyady,517111,Novyye Lyady,3,RU,1587230650,86,58.05,56.6,5,20
602,kargil,1267776,Kargil,-0.23,IN,1587230651,22,34.57,76.1,2.5,90
603,kuala terengganu,1734705,Kuala Terengganu,27.78,MY,1587230651,88,5.33,103.14,1.5,20
604,kabo,2386042,Kabo,32.56,CF,1587230651,31,7.7,18.63,2.85,68
605,nizwa,286987,Nizwá,29,OM,1587230510,15,22.93,57.53,1.59,0
606,frederikshavn,2621927,Frederikshavn,9.44,DK,1587230651,39,57.44,10.54,2.68,0
607,imperial,5359067,Imperial,22,US,1587230651,40,33.03,-115.42,6.2,1
608,constitucion,3893726,Constitución,20.44,CL,1587230651,74,-35.33,-72.42,4.19,93
609,half moon bay,5354943,Half Moon Bay,15,US,1587230650,62,37.46,-122.43,3.6,90
610,nakamura,1855891,Nakamura,10.37,JP,1587230651,85,32.98,132.93,2.59,24
611,boa vista,3664980,Boa Vista,34,BR,1587230027,38,2.82,-60.67,4.1,40
612,springbok,3361142,Springbok,13.91,ZA,1587230651,43,-29.66,17.89,1.78,1
613,ottumwa,4870380,Ottumwa,11.67,US,1587230652,53,41.02,-92.41,11.3,1
615,rawa mazowiecka,760584,Rawa Mazowiecka,6.67,PL,1587230511,38,51.76,20.25,2.52,99
616,winslow,5321473,Winslow,13,US,1587230652,30,35.02,-110.7,4.81,1
617,tarsus,299817,Tarsus,21,TR,1587230652,52,36.92,34.88,1.5,92
618,tungor,2120400,Tungor,-8.74,RU,1587230652,90,53.38,142.96,2.43,22
619,ko samui,1154689,Ko Samui,28.97,TH,1587230440,74,9.54,99.94,4.79,94
620,pandan niog,1695506,Pandan Niog,28.69,PH,1587230586,78,6.23,120.56,4.25,16
621,vila velha,3445026,Vila Velha,26.67,BR,1587230413,65,-20.33,-40.29,6.2,20
622,altagracia de orituco,3649408,Altagracia de Orituco,32.69,VE,1587230652,32,9.86,-66.38,3.12,83
623,skibbereen,2961459,Skibbereen,9,IE,1587230643,100,51.55,-9.27,6.2,75
624,langarud,125897,Langarūd,14,IR,1587230566,87,37.2,50.15,1.65,40
625,suluq,81604,Qaryat Sulūq,18.04,LY,1587230653,49,31.67,20.25,7.13,0
626,van,298117,Van,12,TR,1587230653,46,38.49,43.38,2.6,20
627,miguel hidalgo,3827408,Miguel Hidalgo,24,MX,1587230653,38,19.42,-99.2,2.1,5
628,arica,3899361,Arica,23,CL,1587230516,64,-18.48,-70.3,5.7,33
629,dustlik,1514125,Dustlik,17.47,UZ,1587230653,42,40.52,68.04,2.74,12
630,roma,5134295,Rome,6.11,US,1587230479,56,43.21,-75.46,3.6,90
632,ocampo,3994535,Ocampo,24.72,MX,1587230653,14,21.65,-101.5,1.79,63
633,carthage,2468245,Carthage,20,TN,1587230653,82,36.86,10.33,5.1,20
634,san jose,5392171,San Jose,15,US,1587230653,58,37.34,-121.89,4.1,90
